Name	Theo_Area	Wet_Area	Theo_Vol	Wet_Vol	Min_Chord	Ave_Chord	Max_Chord	Min_TC_Ratio	Avg_TC_Ratio	Max_TC_Ratio	Ave_Sweep	Length	Max_Xsec_Area	Len_Dia_Ratio
wing0	1.243082	1.233260	0.023271	0.023271	0.000000	0.000000	0.000000	0.000000	0.000000	0.000000	0.000000	0.000000	0.000000	0.000000
wing1	1.243082	1.233260	0.023271	0.023271	0.000000	0.000000	0.000000	0.000000	0.000000	0.000000	0.000000	0.000000	0.000000	0.000000
DJI_INSPIRE_20	1.045864	1.027683	0.072664	0.072610	0.000000	0.000000	0.000000	0.000000	0.000000	0.000000	0.000000	0.000000	0.307028	0.000000
Fueltank0	0.316115	0.316115	0.013065	0.013065	0.000000	0.000000	0.000000	0.000000	0.000000	0.000000	0.000000	0.000000	0.119933	0.000000
FuselageGeom0	0.467500	0.467500	0.019971	0.019971	0.000000	0.000000	0.000000	0.000000	0.000000	0.000000	0.000000	0.872273	0.062844	3.083655
FuselageGeom1	0.467500	0.467500	0.019971	0.019971	0.000000	0.000000	0.000000	0.000000	0.000000	0.000000	0.000000	0.872273	0.062844	3.083655
